id,question
0,What does the starting position for push-ups look like in the app's reference image?
0,Can I modify push-ups to make them easier if I struggle with bodyweight strength?
0,Is there a specific hand placement for push-ups to target triceps more effectively?
1,What does the setup for a bodyweight squat look like without any equipment?
1,"Can I add resistance to squats if I don't have weights, and how?"
1,Is there a specific foot placement for squats to target the glutes more effectively?
1,How can I tell if I'm doing a squat with proper form just using my bodyweight?
1,What's the difference between a bodyweight squat and one performed with a barbell?
2,What does the starting position for a plank look like without any equipment?
2,"Can I do a plank on my hands instead of my forearms, or does it require a specific stance?"
2,Is there a way to modify the plank if I don’t have a mat or soft surface to hold it on?
3,What does the barbell used for deadlifts look like? Can you share an image link?
3,Is there a specific grip width I should use when holding the barbell for this exercise?
3,Should I keep the barbell close to my body throughout the entire deadlift movement?
4,What do dumbbells look like for bicep curls? Can you show me an image?
4,"Can I use a barbell instead of dumbbells for this exercise, and how would that change the movement?"
4,Should I keep my wrists straight or slightly bent when curling the dumbbells up?
4,How heavy should the dumbbells be for a beginner doing bicep curls?
4,Is it better to do bicep curls seated or standing for better form?
5,What does a kettlebell look like and where can I see an image of it?
5,"Can I perform kettlebell swings with a dumbbell instead, or is the kettlebell shape essential?"
5,How heavy should the kettlebell be for a beginner doing swings?
6,What do dumbbells look like for the Shoulder Press exercise? Can you share an image link?
6,"Can I use a barbell instead of dumbbells for the Shoulder Press, and how would that look?"
6,Is there a specific weight recommendation for dumbbells when doing the Shoulder Press for beginners?
7,What does a lat pulldown machine look like and where can I see a picture of it?
7,How wide should my grip be on the bar when doing lat pulldowns to target the lats effectively?
7,Can I perform lat pulldowns with free weights like dumbbells or a barbell instead of the machine?
8,What does the setup for this stretch look like if I don't have a bench or step?
8,Can I use a chair or couch instead of the equipment shown in the picture?
8,How high should the surface be for my foot to get the best hamstring stretch?
9,What does the equipment needed for Jumping Jacks look like?
9,"Can I do Jumping Jacks without any equipment, or do I need something specific?"
9,Is there a recommended surface or space to perform Jumping Jacks safely?
10,What does the barbell used for the Bench Press look like? Can you share an image link?
10,Is a flat bench the only type of equipment needed besides the barbell for this exercise?
10,How should I position my hands on the barbell to target the pectorals more effectively during the Bench Press?
11,What does the setup for bodyweight lunges look like without any equipment?
11,"Can I add resistance to lunges, and if so, what type of equipment would work best?"
11,Is there a specific surface or space requirement for performing lunges safely?
11,How can I visualize a barbell if I want to progress to weighted lunges later?
11,Are there any common mistakes to avoid when doing lunges as shown in the example image?
12,What does the equipment needed for pull-ups look like? Can you share an image URL?
12,Is there any specific grip width or hand position I should use on the pull-up bar for better lat activation?
12,"Can I perform pull-ups without a bar if I don’t have access to one, or is there a substitute equipment?"
13,"What does the starting position for mountain climbers look like, and how should my hands be placed?"
13,"Is any equipment needed for mountain climbers, or can I do them with just my bodyweight?"
13,Can you show me a picture of the proper form for mountain climbers to avoid mistakes?
14,What does the setup for leg raises look like without any equipment?
14,Can I do leg raises on a mat or do I need a specific surface?
14,Is there a way to modify leg raises if I don’t have enough core strength yet?
14,How should I position my hands during leg raises to avoid straining my lower back?
14,What’s the difference between leg raises and hanging leg raises in terms of muscle activation?
15,What does the bench or chair used for Tricep Dips look like? Can you share an image?
15,"Can I perform Tricep Dips without any equipment, or do I need something specific?"
15,Are there alternative surfaces besides a bench or chair that work for this exercise?
15,How should I position my hands on the bench to avoid straining my wrists?
15,What’s the correct body form when lowering and pushing up during Tricep Dips?
16,What does the starting position for Russian Twists look like without any equipment?
16,"Can I add resistance to this exercise, and if so, what type of equipment should I use?"
16,How can I modify Russian Twists if I don’t have a mat or soft surface to sit on?
16,What’s the correct way to breathe while performing Russian Twists to engage my core effectively?
16,Could you share an image of a barbell so I can visualize how to hold it if I decide to use one for added weight?
17,What does the bodyweight setup for burpees look like in the app's reference image?
17,"Can I perform burpees with any equipment, or is bodyweight the only option?"
17,How does the plank position in burpees compare to a standard plank in terms of form?
18,What does the dumbbell used for Dumbbell Rows look like? Share an image link.
18,"Can I perform Dumbbell Rows with a barbell instead, and how would the grip change?"
18,Is there a specific weight range recommended for Dumbbell Rows to target the lats and biceps effectively?
18,"Should my back stay completely flat during Dumbbell Rows, or is a slight arch acceptable?"
18,How do I adjust my form if I feel strain in my lower back while doing Dumbbell Rows?
19,What does the kettlebell used for goblet squats look like? Can you show me a picture?
19,"Can I perform goblet squats with a dumbbell instead of a kettlebell, or is the grip different?"
19,How heavy should the kettlebell be for a beginner doing goblet squats?
20,What does the setup for a glute bridge look like without any equipment?
20,"Can I add resistance to this exercise, and if so, what type of equipment would work best?"
20,Is there a specific way to position my feet during a bodyweight glute bridge to target the hamstrings more effectively?
21,What does the dumbbell used for Overhead Tricep Extensions look like? Share an image link.
21,"Can I perform Overhead Tricep Extensions with a barbell instead of dumbbells, and how would the grip differ?"
21,Is there a specific weight range recommended for dumbbells when doing Overhead Tricep Extensions for beginners?
21,How should I position my elbows during the Overhead Tricep Extension to avoid strain?
21,Are there alternative equipment options besides dumbbells for this tricep exercise?
22,What does the starting position for a side plank look like without any equipment?
22,"Can I add resistance to this exercise, and if so, what type of equipment would work best?"
22,How can I modify the side plank to make it easier if I struggle with bodyweight-only holds?
22,Is there a specific mat or surface recommended for performing side planks comfortably?
22,What’s the correct way to position my forearm to avoid shoulder strain during this hold?
23,What does the cable machine used for Cable Flyes look like? Can you share an image link?
23,How should I adjust the cable machine's pulleys for proper form during Cable Flyes?
23,Is there a specific grip or handle attachment recommended for Cable Flyes on this equipment?
24,What does the bench or box used for Step-Ups look like? Can you share an image URL?
24,"Can I do Step-Ups without any equipment, or do I need something like a bench?"
24,How high should the bench or box be for Step-Ups to effectively work my quads and glutes?
24,"Is there a specific type of bench or box recommended for Step-Ups, or can I use any sturdy elevated surface?"
24,What’s the difference between using a bench and a box for Step-Ups in terms of muscle activation?
25,What does the barbell used for Barbell Rows look like? Can you share an image link?
25,Is there a specific weight recommendation for beginners when performing Barbell Rows with this equipment?
25,How should I grip the barbell to target the latissimus dorsi and biceps effectively during this exercise?
26,What do dumbbells look like for the Chest Press exercise? Can you share an image link?
26,"Can I perform the Chest Press with a barbell instead of dumbbells, and how would that change the movement?"
26,"Is a flat bench required for this exercise, or can I use an incline bench to target different parts of my chest?"
27,"What does the equipment needed for box jumps look like, and where can I find an image of it?"
27,"Can I perform box jumps without any equipment, or do I need a specific type of box or bench?"
27,How high should the box or bench be for a beginner doing box jumps?
28,What does the pull-up bar used for hanging leg raises look like? Can you share an image URL?
28,"Can I perform hanging leg raises without any equipment, or is a pull-up bar necessary?"
28,Is there a specific grip width or bar thickness recommended for hanging leg raises to avoid wrist strain?
29,What do the dumbbells used for the Farmer's Walk look like? Can you share an image link?
29,"Can I perform the Farmer's Walk with kettlebells instead of dumbbells, or is there a difference in grip?"
29,How heavy should the dumbbells be for a beginner trying the Farmer's Walk for the first time?
30,What does the step or elevated surface I should use for calf raises look like in the app's example?
30,"Can I do calf raises without any equipment, or do I need something like a step or platform?"
30,Is there a specific height or type of step recommended for proper calf raise form?
31,What does the equipment used for Battle Ropes look like? Can you share an image link?
31,Is there a specific type of rope thickness or material recommended for this exercise to avoid injury?
31,How should I grip the ropes to maximize engagement in my deltoids and forearms during the alternating waves?
32,What does a medicine ball look like and where can I see an image of one?
32,"Can I use a dumbbell or kettlebell instead of a medicine ball for slams, or is the medicine ball essential?"
32,How heavy should the medicine ball be for slams if I'm a beginner?
33,"What do dumbbells look like for the Dumbbell Deadlift, and can you show me an image?"
33,Can I use kettlebells instead of dumbbells for this deadlift variation?
33,How heavy should the dumbbells be for a beginner doing this lower-body pull exercise?
34,What does the barbell used for the Push Press look like? Can you share an image link?
34,Is there a specific grip width I should use on the barbell when performing the Push Press?
34,"Can I substitute the barbell with dumbbells or kettlebells for this exercise, or will it change the muscle activation?"
35,What does a treadmill look like and where can I see a picture of one?
35,"Can I perform a treadmill run without any incline, or is it necessary for effectiveness?"
35,What other cardio exercises target the same muscle groups as a treadmill run?
36,What does the equipment used for the Incline Dumbbell Press look like?
36,"Can I perform the Incline Dumbbell Press with a barbell instead of dumbbells, and if so, how would the setup differ?"
36,What angle should the incline bench be set to for optimal pectoral activation during this exercise?
36,How do I safely grip the dumbbells to avoid wrist strain while pressing?
36,Is there a recommended weight progression for beginners starting the Incline Dumbbell Press?
37,What do the dumbbells used for Renegade Rows look like? Can you share an image URL?
37,"Can I perform Renegade Rows with kettlebells instead of dumbbells, or will it affect the form?"
37,How heavy should the dumbbells be for a beginner doing Renegade Rows to avoid straining the core?
37,Is there a specific grip width or hand position recommended for Renegade Rows to target the lats better?
37,What’s the difference between a dumbbell and a barbell? Show me a picture of a barbell.
38,What does a leg press machine look like so I can identify it at the gym?
38,"Can I perform the leg press exercise without a leg press machine, and if so, what alternative equipment can I use?"
38,How should I position my feet on the leg press machine platform to target my glutes more effectively?
39,What does the cable machine used for tricep pushdowns look like? Can you share an image link?
39,"Is there a specific handle attachment I should use for the cable tricep pushdown, or does it depend on preference?"
39,How do I adjust the cable machine's pulley height for this exercise to ensure proper form?
40,What does the dumbbell used in the Single-Leg Deadlift look like? Share an image link.
40,"Can I perform the Single-Leg Deadlift with a barbell instead of dumbbells? If so, how?"
40,Should I keep the dumbbell close to my standing leg or let it drift forward during the movement?
40,How do I maintain balance when doing the Single-Leg Deadlift with dumbbells?
40,"Is it normal to feel this exercise in my lower back, or am I doing it incorrectly?"
41,What equipment can I use for inverted rows if I don't have a bar or suspension trainer?
41,How do I adjust the difficulty of inverted rows using just my bodyweight?
41,Can you show me a picture of a suspension trainer used for inverted rows?
41,What does a barbell look like for exercises like inverted rows? Provide an image URL.
41,Are there any common mistakes to avoid when performing inverted rows to protect my back?
42,What does the cable machine used for the Pallof Press look like? Can you share an image URL?
42,How do I adjust the cable machine to chest height for this exercise?
42,Is there a specific grip or handle I should use on the cable machine for the Pallof Press?
43,What does the kettlebell used in this deadlift exercise look like? Share its image URL.
43,"Can I perform the kettlebell deadlift with dumbbells instead, or is the kettlebell essential?"
43,How wide should my stance be compared to the kettlebell's position in the starting setup?
44,What does the equipment needed for hanging knee tucks look like? Can you share an image link?
44,Is there any alternative gear I can use if I don’t have a pull-up bar for this core exercise?
44,How high should the bar be placed to safely perform hanging knee tucks without touching the ground?
45,What does a resistance band look like for this exercise?
45,Can I use dumbbells instead of a resistance band for pull aparts?
45,How wide should I hold the resistance band when starting the pull apart movement?
46,What does the bench used for Bulgarian Split Squats look like? Can you share an image URL?
46,"Can I perform Bulgarian Split Squats without any equipment, or is a bench required?"
46,Is there a specific height or type of bench recommended for this exercise?
47,What do the dumbbells used for the Seated Shoulder Press look like? Can you show me an image?
47,"Is a bench required for this exercise, or can I perform the Seated Shoulder Press without one?"
47,"Can I substitute dumbbells with a barbell for the Seated Shoulder Press, and if so, what does a barbell look like?"
48,What does the elevated surface for incline push-ups typically look like? Can you show me an example?
48,Is there any specific height or type of bench recommended for this exercise to target the chest effectively?
48,"Can I perform incline push-ups without a bench, and if so, what household items could I use instead?"
49,What does the barbell used for hip thrusts look like? Can you share an image link?
49,"Is a bench required for barbell hip thrusts, or can I use another stable surface?"
49,How should I position the barbell on my hips to avoid discomfort during hip thrusts?
50,What does the barbell used for barbell curls look like? Can you share an image link?
50,"Is there a specific grip width I should use on the barbell for this exercise, or does it depend on my comfort?"
50,Can I perform barbell curls with dumbbells instead if I don’t have a barbell available?
51,What does the cable machine used for Cable Rows look like? Can you share an image link?
51,Is there a specific handle attachment recommended for performing Cable Rows effectively?
51,How should I adjust the footplate or seat on the cable machine to maintain proper form during this exercise?
52,What does the starting position for Plank Shoulder Taps look like compared to a regular plank?
52,"Can I do Plank Shoulder Taps without any equipment, or do I need something like a yoga mat for grip?"
52,How do I keep my hips from swaying when tapping my shoulders during this exercise?
52,What muscles should I feel working the most when performing Plank Shoulder Taps correctly?
52,Could you show me an image of a barbell for reference?
53,What do dumbbells look like for the Dumbbell Lateral Raise exercise? Can you share an image URL?
53,How heavy should the dumbbells be when performing lateral raises to target the deltoids effectively?
53,Is it better to keep a slight bend in the elbows or lock them straight during the Dumbbell Lateral Raise?
54,What does the position for a wall sit look like if I'm doing it correctly?
54,"Can I add weights to make this exercise harder, and if so, what equipment should I use?"
54,How far should my feet be from the wall when setting up for a wall sit?
55,What does the starting position for the Spider Plank look like compared to a standard forearm plank?
55,How can I modify the Spider Plank if I don't have any equipment to increase difficulty?
55,Is there a specific breathing pattern I should follow while performing the Spider Plank?
55,What's the difference between the Spider Plank and a regular plank in terms of core engagement?
55,Can you show me an image of a proper forearm plank setup to ensure my form is correct for the Spider Plank?
56,What does the barbell used for sumo deadlifts look like? Can you share an image URL?
56,"Is there a specific barbell type recommended for sumo deadlifts, or will any standard barbell work?"
56,How wide should my grip be on the barbell when performing sumo deadlifts compared to conventional deadlifts?
57,What does the dumbbell used in the Single Arm Dumbbell Row look like? Can you share an image URL?
57,"Can I perform this exercise with a barbell instead of a dumbbell, and if so, how would the setup differ?"
57,"Is a bench necessary for support, or can I use another stable surface like a chair?"
57,How should I position my back and core during the row to avoid straining my lower back?
57,What’s the ideal weight range for a beginner starting this exercise?
58,What does a kettlebell look like and where can I see a picture of it?
58,"Can I perform the Kettlebell Clean and Press with dumbbells instead, or is a kettlebell required?"
58,How heavy should the kettlebell be for a beginner trying this full-body strength exercise?
59,What does a jump rope look like and where can I see a picture of it?
59,Can I use any other equipment besides a jump rope for this cardio exercise?
59,How do I adjust the length of the jump rope to fit my height?
60,What does the starting position for a side lunge look like without any equipment?
60,"Can I add resistance to this exercise, and if so, what type of equipment would work best?"
60,How wide should my step be to properly engage my glutes and adductors during a side lunge?
60,Is there a specific image URL showing the correct form for a bodyweight side lunge?
60,What does a barbell look like? Please provide an image URL.
61,What does the Machine Chest Fly equipment look like? Can you share an image of it?
61,Is there a specific way to adjust the seat or handles on the Machine Chest Fly machine for proper form?
61,"Can I perform the Machine Chest Fly exercise with dumbbells instead of the machine, and if so, how would the movement differ?"
61,What’s the correct grip position on the handles of the Machine Chest Fly to avoid straining my shoulders?
61,How can I tell if the Machine Chest Fly machine is set to the right resistance level for my strength training?
62,What does a hack squat machine look like and where can I see a picture of it?
62,"Can I perform hack squats without the machine, and if so, what alternative equipment can I use?"
62,How do I properly position my feet on the hack squat machine platform to target my quads more effectively?
63,What does the setup for decline push-ups look like if I don't have a bench or step?
63,Can I use a stability ball instead of a fixed elevated surface for this exercise?
63,How high should the elevated surface be for my feet during decline push-ups?
63,Is there a specific hand placement I should follow for this variation of push-ups?
63,What’s the difference in muscle activation between regular and decline push-ups?
64,What does the resistance band used for Band Face Pulls look like? Can you share an image URL?
64,Is there a specific type of anchor I should use to secure the resistance band for this exercise?
64,How high should I attach the resistance band when performing Band Face Pulls?
65,What does an ab wheel look like and where can I see a picture of it?
65,Can I perform the ab wheel rollout with any other equipment besides an ab wheel?
65,Is there a specific type of ab wheel recommended for beginners doing rollouts?
66,What does the starting position look like for side leg raises without any equipment?
66,"Can I add resistance to this exercise, and if so, what type of equipment would work best?"
66,How high should I lift my leg during side leg raises to effectively target the glutes?
66,Is there a specific breathing technique I should follow while performing this hold?
66,Could you provide an image of a barbell for reference in case I want to modify this exercise later?
67,What does the barbell used for Romanian Deadlifts look like? Can you share an image link?
67,"Is a barbell the only equipment I can use for Romanian Deadlifts, or are there alternatives?"
67,How should I position my hands on the barbell when performing Romanian Deadlifts to protect my lower back?
68,What do the dumbbells used for the Arnold Press look like? Can you share an image link?
68,Is there a specific weight range recommended for beginners performing the Arnold Press with dumbbells?
68,"Can the Arnold Press be done with any other equipment besides dumbbells, like kettlebells or resistance bands?"
69,What does the barbell used for the Landmine Press look like? Can you share an image link?
69,"Is a landmine attachment required to perform this exercise, or can I anchor the barbell another way?"
69,Should I press the barbell straight up or at an angle when doing the Landmine Press?
70,"What does the exercise setup look like for tuck jumps, and can you show me an image of how it's performed?"
70,"Do I need any equipment for tuck jumps, or is it purely bodyweight?"
70,Can you describe the proper landing technique for tuck jumps to avoid injury?
71,What does the starting position for Windshield Wipers look like without any equipment?
71,"Can I add resistance to this core exercise, and if so, what type of equipment would work best?"
71,Is there a way to modify Windshield Wipers if I don’t have a mat or soft surface to lie on?
71,How can I progress this bodyweight hold to make it more challenging over time?
71,Could you share an image URL showing what a barbell looks like for future reference?
72,What do dumbbells look like for performing Dumbbell Shrugs? Provide an image URL.
72,Can I use kettlebells instead of dumbbells for this shoulder shrug exercise?
72,How heavy should the dumbbells be for a beginner doing shrugs to target the traps?
73,What does the sled used for the Sled Push exercise look like? Can you share an image link?
73,Is the Sled Push performed with any additional weights or just the sled itself?
73,Can I substitute the sled with other equipment like a barbell or resistance bands for this exercise?
74,What does the cable machine used for Cable Bicep Curls look like? Can you share an image URL?
74,Is there a specific handle attachment I should use on the cable machine for this exercise?
74,How do I adjust the pulley height on the cable machine for proper form during Cable Bicep Curls?
74,What’s the difference between a barbell and the cable machine for bicep curls? Can you show me a barbell image?
74,"Can I perform this exercise with dumbbells instead of a cable machine, and how would the setup differ?"
75,What does the dumbbell used in the Dumbbell Kickback look like? Can you share an image link?
75,"Can I perform the Dumbbell Kickback with resistance bands instead of dumbbells, or is a different grip required?"
75,Is there a specific weight range recommended for dumbbells when doing triceps kickbacks to avoid strain?
76,What does the starting position for Flutter Kicks look like in the app's reference image?
76,Do I need any equipment besides my body to perform Flutter Kicks correctly?
76,Can you show me a picture of the type of surface I should lie on for this core exercise?
77,How can I adjust the intensity of high knees if I don't have any equipment?
77,What bodyweight alternatives can I use if I want to target the same muscle groups as high knees?
77,Can you show me a picture of the proper form for high knees without equipment?
77,What does a barbell look like and where can I find an image of it?
77,How do I modify high knees to make it easier on my knees if I feel discomfort?
78,What does the sledgehammer used for Sledgehammer Slams look like? Can you share an image link?
78,"Can I perform Sledgehammer Slams with a regular hammer instead of a sledgehammer, or is the equipment specific?"
78,"What’s the best soft surface to slam the sledgehammer onto—just a tire, or are other options safe?"
79,What does the bench or box used for Lateral Step-Ups look like? Can you share an image URL?
79,"Can I perform Lateral Step-Ups without any equipment, or do I need a specific height for the bench?"
79,How high should the bench or box be for Lateral Step-Ups to effectively target my quads and glutes?
79,"Is there a weighted version of Lateral Step-Ups, and if so, what equipment would I need?"
79,What’s the difference between a barbell and the equipment shown in the Lateral Step-Ups image? Can you provide a barbell image URL?
80,What does a cable machine look like for the Cable Chest Press?
80,How do I adjust the cable machine handles to chest height for this exercise?
80,"Can I use dumbbells instead of a cable machine for the Cable Chest Press, or is the equipment essential?"
80,What’s the correct grip position on the cable machine handles during this press?
80,Is there a specific foot stance I should maintain while performing the Cable Chest Press?
81,How can I adjust the TRX straps to the right height for performing rows safely?
81,What does the proper starting position look like when setting up for TRX rows?
81,Can you show me an image of the TRX suspension trainer used for this exercise?
81,Is there a specific grip width I should use on the TRX handles for better lat activation?
81,What’s the ideal body angle to maintain during the lowering phase of the TRX row?
82,What does a medicine ball look like and where can I see a picture of it?
82,"Can I perform Russian twists with a dumbbell instead of a medicine ball, or is the ball necessary for proper form?"
82,How heavy should the medicine ball be for this core exercise if I'm a beginner?
83,What does the barbell used for Pendlay Rows look like? Can you share an image link?
83,"Is it necessary to fully reset the barbell on the floor between each rep, or can I keep it slightly elevated?"
83,How should I position my back and hips when bending over to perform this exercise with a barbell?
84,What does the starting position for a side plank with leg lift look like without any equipment?
84,"Can I add resistance to this exercise, and if so, what type of equipment would work best?"
84,How do I modify this move if I don’t have a mat or soft surface to perform it on?
84,What’s the correct way to engage my obliques during the leg lift in this exercise?
84,"Could you show me an image of a barbell for comparison, even though it’s not used here?"
85,What does a hip abduction machine look like? Can you share an image URL?
85,How do I adjust the resistance on a hip abduction machine for a beginner?
85,"Is there a way to perform hip abductions without the machine, like using resistance bands or free weights?"
86,What does the dumbbell used in the Dumbbell Front Raise look like? Share an image link.
86,Can I perform the Dumbbell Front Raise with any other equipment besides dumbbells?
86,How high should I lift the dumbbells during the Front Raise to properly target the deltoids?
86,Is it safe to lock my elbows at the top of the Dumbbell Front Raise movement?
86,What’s the correct grip position for my palms when holding the dumbbells for this exercise?
87,What does the pull-up bar used for chin-ups look like? Share an image link.
87,"Can I do chin-ups without any equipment, or do I need a specific bar?"
87,Is there a recommended grip width for chin-ups to target the biceps and lats effectively?
88,What does the barbell used for box squats look like? Can you share an image link?
88,"Is a standard Olympic barbell the only type of equipment I can use for box squats, or are there alternatives?"
88,How high should the box be in relation to my body when performing box squats with a barbell?
89,What does the rope used for Battle Rope Waves look like? Can you share an image link?
89,Is there a specific thickness or length requirement for the ropes to perform this exercise effectively?
89,Can I use resistance bands or other equipment instead of ropes for Battle Rope Waves?
90,What does the barbell used for Zercher Squats look like? Can you share an image link?
90,"Is a standard Olympic barbell the only type of equipment I can use for Zercher Squats, or are there alternatives?"
90,How should I position the barbell in the crook of my elbows to avoid discomfort during Zercher Squats?
91,What does the movement for walking lunges look like without any equipment?
91,"Can I add weights to walking lunges, and if so, what type of equipment should I use?"
91,How do I properly step forward and back to avoid knee strain during walking lunges?
91,What muscles will I feel working the most when doing bodyweight walking lunges?
91,Could you show me a picture of a barbell in case I want to progress to weighted lunges later?
92,What does a kettlebell look like and where can I see a picture of it?
92,"Can I perform the kettlebell snatch with a dumbbell instead, or is the kettlebell essential?"
92,How heavy should the kettlebell be for a beginner trying this full-body strength exercise?
93,What does the starting position look like for the Single-Leg Glute Bridge without any equipment?
93,"Can I add resistance to this exercise, and if so, what type of equipment would work best?"
93,How can I modify this movement if I don’t have a mat or soft surface to lie on?
93,What’s the correct way to position my foot on the ground to maximize glute activation?
93,Could you share an image of a barbell in case I want to progress to weighted glute bridges later?
94,What does the TRX suspension trainer look like and how do I set it up for TRX Push-Ups?
94,"Can I perform TRX Push-Ups with any other equipment besides the TRX straps, or is it specific to this gear?"
94,The image shows hands in TRX handles—how high should the straps be adjusted for proper form during this exercise?
95,What does the machine used for leg curls look like so I can find the right one at the gym?
95,Is there a specific way to adjust the seat or pad on a leg curl machine for proper form?
95,Can I perform leg curls with free weights like dumbbells or a barbell instead of the machine?
96,What does the barbell used for the Incline Bench Press look like? Can you show me a picture of it?
96,"Is there a specific angle the incline bench should be set to for this exercise, or does it vary by preference?"
96,Should I use a wider or narrower grip on the barbell to target the pectorals more effectively during the Incline Bench Press?
97,What does a resistance band for deadlifts look like? Can you share an image link?
97,Can I use dumbbells or a barbell instead of a resistance band for this deadlift variation?
97,How should I position my feet on the resistance band to avoid it slipping during the exercise?
98,What does the barbell used for the Decline Bench Press look like? Can you share an image URL?
98,"Is a decline bench the only equipment needed, or do I need additional supports for the barbell?"
98,How should I position my hands on the barbell for proper form during the Decline Bench Press?
99,What does the dumbbell used in this exercise look like? Can you share an image URL?
99,Is a bench the only equipment needed besides dumbbells for the Dumbbell Step-Up?
99,How heavy should the dumbbells be for a beginner doing this lower-body exercise?
